{
  "albinoCow": {
    "spawn": true,
    "weight": 8,
    "groupMin": 2,
    "groupMax": 4
  },
  "amberChicken": {
    "spawn": true,
    "weight": 10,
    "groupMin": 2,
    "groupMax": 4
  },
  "ashenCow": {
    "spawn": true,
    "weight": 8,
    "groupMin": 2,
    "groupMax": 4
  },
  "boneSpider": {
    "spawn": true,
    "weight": 10,
    "groupMin": 2,
    "groupMax": 4
  },
  "boldStripedRabbit": {
    "spawn": true,
    "weight": 8,
    "groupMin": 2,
    "groupMax": 4
  },
  "boulderingZombie": {
    "spawn": true,
    "weight": 15,
    "groupMin": 2,
    "groupMax": 4
  },
  "bronzedChicken": {
    "spawn": true,
    "weight": 10,
    "groupMin": 2,
    "groupMax": 4
  },
  "cluckshroom": {
    "spawn": true,
    "weight": 10,
    "groupMin": 2,
    "groupMax": 4
  },
  "cookieCow": {
    "spawn": true,
    "weight": 8,
    "groupMin": 2,
    "groupMax": 4
  },
  "creamCow": {
    "spawn": true,
    "weight": 8,
    "groupMin": 2,
    "groupMax": 4
  },
  "dairyCow": {
    "spawn": true,
    "weight": 8,
    "groupMin": 2,
    "groupMax": 4
  },
  "fancyChicken": {
    "spawn": true,
    "weight": 10,
    "groupMin": 2,
    "groupMax": 4
  },
  "fleckedSheep": {
    "spawn": true,
    "weight": 12,
    "groupMin": 2,
    "groupMax": 4
  },
  "freckledRabbit": {
    "spawn": true,
    "weight": 4,
    "groupMin": 2,
    "groupMax": 4
  },
  "fuzzySheep": {
    "spawn": true,
    "weight": 12,
    "groupMin": 2,
    "groupMax": 4
  },
  "goldCrestedChicken": {
    "spawn": true,
    "weight": 10,
    "groupMin": 2,
    "groupMax": 4
  },
  "harelequinRabbit": {
    "spawn": true,
    "weight": 4,
    "groupMin": 2,
    "groupMax": 4
  },
  "hornedSheep": {
    "spawn": true,
    "weight": 12,
    "groupMin": 2,
    "groupMax": 4
  },
  "inkySheep": {
    "spawn": true,
    "weight": 12,
    "groupMin": 2,
    "groupMax": 4
  },
  "jollyLlama": {
    "spawn": true,
    "weight": 10,
    "groupMin": 2,
    "groupMax": 4
  },
  "jumboRabbit": {
    "spawn": true,
    "weight": 4,
    "groupMin": 2,
    "groupMax": 4
  },
  "lobberZombie": {
    "spawn": true,
    "weight": 15,
    "groupMin": 2,
    "groupMax": 4
  },
  "longNosedSheep": {
    "spawn": true,
    "weight": 12,
    "groupMin": 2,
    "groupMax": 4
  },
  "midnightChicken": {
    "spawn": true,
    "weight": 10,
    "groupMin": 2,
    "groupMax": 4
  },
  "moobloom": {
    "spawn": true,
    "weight": 8,
    "groupMin": 2,
    "groupMax": 4
  },
  "moolip": {
    "spawn": true,
    "weight": 8,
    "groupMin": 2,
    "groupMax": 4
  },
  "mottledPig": {
    "spawn": true,
    "weight": 10,
    "groupMin": 2,
    "groupMax": 4
  },
  "muddyPig": {
    "spawn": true,
    "weight": 10,
    "groupMin": 2,
    "groupMax": 4
  },
  "muddyFootRabbit": {
    "spawn": true,
    "weight": 4,
    "groupMin": 2,
    "groupMax": 4
  },
  "palePig": {
    "spawn": true,
    "weight": 10,
    "groupMin": 2,
    "groupMax": 4
  },
  "patchedSheep": {
    "spawn": true,
    "weight": 12,
    "groupMin": 2,
    "groupMax": 4
  },
  "piebaldPig": {
    "spawn": true,
    "weight": 10,
    "groupMin": 2,
    "groupMax": 4
  },
  "pinkFootedPig": {
    "spawn": true,
    "weight": 10,
    "groupMin": 2,
    "groupMax": 4
  },
  "pintoCow": {
    "spawn": true,
    "weight": 8,
    "groupMin": 2,
    "groupMax": 4
  },
  "rainbowSheep": {
    "spawn": true,
    "weight": 12,
    "groupMin": 2,
    "groupMax": 4
  },
  "rockySheep": {
    "spawn": true,
    "weight": 12,
    "groupMin": 2,
    "groupMax": 4
  },
  "skeletonWolf": {
    "spawn": true,
    "weight": 8,
    "groupMin": 2,
    "groupMax": 4
  },
  "skewbaldChicken": {
    "spawn": true,
    "weight": 10,
    "groupMin": 2,
    "groupMax": 4
  },
  "sootyPig": {
    "spawn": true,
    "weight": 10,
    "groupMin": 2,
    "groupMax": 4
  },
  "spottedPig": {
    "spawn": true,
    "weight": 10,
    "groupMin": 2,
    "groupMax": 4
  },
  "stormyChicken": {
    "spawn": true,
    "weight": 10,
    "groupMin": 2,
    "groupMax": 4
  },
  "sunsetCow": {
    "spawn": true,
    "weight": 8,
    "groupMin": 2,
    "groupMax": 4
  },
  "tropicalSlime": {
    "spawn": true,
    "weight": 10,
    "groupMin": 2,
    "groupMax": 4
  },
  "umbraCow": {
    "spawn": true,
    "weight": 8,
    "groupMin": 2,
    "groupMax": 4
  },
  "vestedRabbit": {
    "spawn": true,
    "weight": 4,
    "groupMin": 2,
    "groupMax": 4
  },
  "vilerWitch": {
    "spawn": true,
    "weight": 1,
    "groupMin": 1,
    "groupMax": 1
  },
  "woolyCow": {
    "spawn": true,
    "weight": 8,
    "groupMin": 2,
    "groupMax": 4
  }
}