{"type":"world_loaded","value":{"minecraft_session_id":"a1975f15-76ab-4556-923b-084b1c030917","game_version":"1.20.1","operating_system":"linux","platform":"Linux","client_modded":true,"event_timestamp_utc":"2023-06-26T16:42:44.930204288Z","opt_in":false,"world_session_id":"3275bf12-5e57-4c1f-9445-37ab9a02a2e0","server_modded":true,"server_type":"server","game_mode":"creative"}}
{"type":"world_unloaded","value":{"minecraft_session_id":"a1975f15-76ab-4556-923b-084b1c030917","game_version":"1.20.1","operating_system":"linux","platform":"Linux","client_modded":true,"event_timestamp_utc":"2023-06-26T16:42:51.493908228Z","opt_in":false,"world_session_id":"3275bf12-5e57-4c1f-9445-37ab9a02a2e0","server_modded":true,"server_type":"server","seconds_since_load":6,"ticks_since_load":137}}
